observed_at,source_date,total_circulating_usd,usd_pegged_usd,usdt_usd,usdc_usd,rlusd_usd
2026-10-01T18:13:55Z,2026-09-30,312885468769.00,311200297805.00,183758497423.00,74568657800.00,2520986370.00
2026-10-02T02:24:14Z,2026-10-01,312392831938.00,310711423887.00,183790522408.00,74135120985.00,2399920028.00
2026-10-03T02:26:14Z,2026-10-02,313203315477.00,311516937639.00,184009395666.00,74060616150.00,2509797678.00
2026-10-04T04:08:12Z,2026-10-03,313594637413.00,311894350575.00,184032387881.00,74198741683.00,2503377225.00
2026-10-05T02:25:56Z,2026-10-04,313678901370.00,311974411500.00,184035531732.00,74217052658.00,2503665216.00
2026-10-06T02:25:37Z,2026-10-05,313913615188.00,312216069375.00,184051485014.00,74199598519.00,2503472140.00
2026-10-07T02:26:25Z,2026-10-06,314361407864.00,312670377396.00,184161867870.00,74323709588.00,2495370373.00
2026-10-08T02:25:01Z,2026-10-07,314500798035.00,312806553537.00,184128024605.00,74288109243.00,2527535405.00
2026-10-09T02:25:20Z,2026-10-08,313941683918.00,312243322681.00,184215602653.00,73825972622.00,2529244744.00
2026-10-10T02:25:45Z,2026-10-09,313308124451.00,311611497263.00,184307909924.00,73250441487.00,2475589593.00
